Liczba elementów, Pivot losowy,Pivot na końcu,Pivot na środku
10,0.001,0.00055,0.0005
100,0.0114,0.01,0.0093
1000,0.13995,0.1195,0.12675
10000,1.74955,1.6195,1.5613
100000,20.1754,18.6207,18.3339
1000000,230.796,222.974,211.574
