Liczba elementów, Pivot losowy,Pivot na końcu,Pivot na środku
10,0.00985,0.0002,0.0003
100,0.0835,0.004,0.00385
1000,0.71075,0.0544,0.0538
10000,11.4865,0.7437,0.74115
100000,96.3512,9.0601,9.1769
1000000,930.138,130.217,107.3
