Liczba elementów, Pivot losowy,Pivot na końcu,Pivot na środku
10,0.0006,0.00045,0.00135
100,0.01005,0.01075,0.00885
1000,0.13355,0.12195,0.12225
10000,1.81745,1.54715,1.5179
100000,20.3622,18.9239,18.103
1000000,241.108,240.142,228.033
