Liczba elementów, Pivot losowy,Pivot na końcu,Pivot na środku
10,0.0104,0.0003,0.00025
100,0.09265,0.0145,0.0029
1000,0.6934,1.2091,0.0327
10000,11.1788,116.63,0.41035
100000,71.0421,12009.9,5.03605
1000000,910.531,segfault,54.6204
