Liczba elementów, Pivot losowy,Pivot na końcu,Pivot na środku
10,0.0008,0.0003,0.0003
100,0.00625,0.01765,0.00375
1000,0.0666,1.23795,0.0408
10000,0.7492,120.877,0.42185
100000,8.4907,12912.9,5.1298
1000000,96.1739,segfault,58.3979
