Liczba elementów, Pivot losowy,Pivot na końcu,Pivot na środku
10,0.00075,0.0003,0.00025
100,0.00575,0.0145,0.0029
1000,0.06785,1.2091,0.0327
10000,0.756,116.63,0.41035
100000,8.47405,12009.9,5.03605
1000000,96.1024,segfault,54.6204
