Liczba elementów, Pivot losowy,Pivot na końcu,Pivot na środku
10,0.00045,0.0003,0.00035
100,0.0052,0.01445,0.00245
1000,0.0623,1.21765,0.02865
10000,0.7674,117.139,0.38865
100000,8.3906,12094.6,4.78115
1000000,96.6502,segfault,56.1101
