Liczba elementów, Pivot losowy,Pivot na końcu,Pivot na środku
10,0.00145,0.00035,0.0002
100,0.0056,0.0144,0.00265
1000,0.0615,1.2168,0.0277
10000,0.7736,119.916,0.3833
100000,8.31095,11953,4.80975
1000000,94.3707,segfault,54.5178
