Liczba elementów, Pivot losowy,Pivot na końcu,Pivot na środku
10,0.00045,0.0002,0.0002
100,0.00525,0.0148,0.0027
1000,0.06185,1.2419,0.0312
10000,0.72625,119.658,0.39865
100000,8.33745,11922.8,4.7547
1000000,95.3692,segfault,53.6785
